Pair_Num,Predicted_Result
2458,0
2172,1
2658,0
1278,1
894,1
2109,0
2156,1
2098,0
1085,0
1381,1
1886,0
858,0
182,0
1177,0
431,0
2293,0
25,1
746,1
347,0
2289,1
2235,0
311,0
1184,0
1221,0
1550,0
2387,0
2852,0
2366,0
979,0
2254,1
957,0
1556,1
2618,0
974,0
2096,0
1757,0
2822,0
2718,1
2811,1
595,0
810,1
510,1
1863,1
1800,1
729,1
656,1
374,0
1291,0
2649,0
1908,0
2856,1
594,1
1038,1
1769,0
1877,0
2158,0
1105,0
2386,0
1584,0
2284,0
1353,0
2532,1
2827,1
269,1
2590,0
1525,0
1402,1
148,1
205,1
874,0
2079,1
675,0
611,0
2412,1
14,0
2042,1
826,1
2530,0
2778,0
2850,1
1989,0
2251,0
2352,1
2240,0
2800,0
2546,0
305,0
2236,0
820,1
1024,0
312,0
1637,0
574,1
82,0
2274,0
1155,0
2869,0
1,0
2378,0
2734,0
1681,0
1448,0
1720,0
1379,1
898,1
994,1
627,1
1578,0
1175,0
724,1
2191,0
331,0
614,0
1321,1
230,0
612,0
759,0
1069,1
413,0
1851,1
2125,1
1861,0
1108,1
2899,0
920,0
1197,1
1923,0
1791,0
1680,0
1948,1
2343,0
58,1
2825,0
2376,0
2735,0
2737,1
638,1
2703,0
54,1
285,0
7,1
446,0
969,0
596,0
2206,1
965,0
2993,0
2426,1
147,0
2117,0
1590,0
2764,0
340,1
2057,0
860,0
1090,1
2789,0
2821,1
1290,0
2690,0
2434,0
1422,0
2252,1
968,0
2509,0
738,0
1520,1
575,0
2428,1
2396,1
1766,1
240,0
716,0
255,1
1439,1
752,0
2601,1
830,1
1028,0
524,0
786,0
1715,0
2016,0
1826,1
296,1
948,0
1551,1
1840,1
1205,1
1421,0
2164,0
2781,0
2637,0
1023,1
2976,0
2141,0
2442,0
2879,1
1119,0
180,1
1754,0
5,1
2177,0
2214,0
2548,0
1309,1
2445,0
1319,1
287,0
1390,1
2847,0
604,0
1755,0
480,0
1300,0
2451,0
1705,0
449,1
967,0
855,1
2469,1
1772,1
639,0
1516,1
1299,0
1582,0
2576,1
1927,0
2759,0
2059,1
2756,0
2112,0
1317,0
644,1
1522,0
60,0
427,0
784,0
1691,0
2119,0
1547,1
2661,1
844,1
1000,0
2685,1
797,0
732,0
1180,0
1619,0
229,0
1672,0
2031,1
1959,1
2094,0
32,0
2793,0
421,0
1977,1
1328,0
1506,0
2757,0
1868,0
2468,1
346,1
2745,1
2575,0
2544,1
1809,1
222,0
2540,0
982,0
785,0
775,0
2775,0
2239,0
2968,1
1676,0
1976,1
1690,0
977,1
2114,1
2828,1
582,0
2073,0
2664,0
382,0
1508,0
353,1
2896,0
2938,1
133,0
1967,1
1926,1
95,1
2895,1
2438,0
897,0
1171,0
2359,0
822,0
369,1
2956,0
632,1
2911,1
102,1
2283,0
2768,0
471,1
2634,0
1738,0
300,0
1374,0
1089,0
2528,0
1238,1
1748,0
1140,1
1110,1
2918,1
1413,0
1469,1
1816,1
2027,0
1514,1
2762,0
2147,0
709,1
680,0
1303,0
169,0
996,0
2218,0
2872,0
2485,1
2157,0
1898,0
241,0
2084,0
1135,0
1148,0
2439,0
2480,0
1304,1
1235,0
2671,1
28,1
2081,0
1185,0
585,0
385,1
482,1
2832,0
231,0
929,0
2355,1
1846,0
515,1
33,0
1174,1
50,0
410,1
1204,0
1802,1
157,0
420,1
1046,0
1499,1
1963,1
1143,0
321,1
1154,0
2044,0
1620,1
2272,0
2092,0
1515,0
1931,0
1063,0
469,1
2556,0
630,1
764,0
2681,0
2570,0
1079,0
699,0
2046,1
2819,0
2482,0
943,0
379,1
1872,0
1819,0
1697,1
913,1
856,0
1229,0
2500,1
1915,1
1512,0
2941,0
141,0
2923,0
2223,0
2462,1
2260,0
2554,1
2953,0
1864,0
2692,0
2806,1
1117,0
2513,0
695,0
425,1
1995,0
1021,0
1626,0
527,0
736,0
512,0
2353,1
2367,0
1255,0
1158,0
532,1
477,0
1504,0
19,1
1191,1
1052,0
2623,0
1037,1
1115,0
1725,0
2292,0
1889,0
896,1
2018,1
1602,0
619,0
22,0
366,0
2916,0
1480,0
2629,0
21,0
2537,0
386,0
584,1
883,1
857,0
179,0
1476,1
2557,0
2533,1
1373,0
56,0
281,0
1712,0
1850,0
888,0
306,0
358,1
908,0
2538,1
198,1
2135,0
2155,0
2814,0
2842,0
2632,0
400,0
2281,0
436,1
199,0
756,1
1885,1
1608,0
2397,0
2221,0
440,0
1804,0
2162,0
2384,0
2929,0
853,1
838,0
1230,1
324,0
2054,0
1426,0
531,1
609,0
1029,0
2914,0
103,0
2710,0
1972,0
1649,0
1564,0
2430,0
260,1
1509,0
635,1
2051,0
303,0
712,0
2558,1
2965,1
1654,0
1810,0
2620,0
2060,1
981,1
2877,1
2591,1
1932,1
2058,0
2010,1
1461,0
951,1
2265,0
598,1
1275,0
1116,0
2804,1
219,1
2751,1
2577,0
2651,0
1419,0
338,0
1056,1
2928,0
2361,1
2108,0
2518,0
1876,1
2140,1
802,0
2836,0
1794,1
2115,0
1713,0
218,0
1420,0
906,1
551,1
2502,0
2655,0
1938,0
1045,0
448,0
1888,0
151,0
2652,0
1393,1
889,1
848,0
973,0
2932,1
1268,0
581,0
2619,0
2215,0
1452,0
1984,0
1701,0
1257,0
1329,0
1920,0
194,0
310,0
2486,0
1956,1
2853,0
2560,1
247,0
1285,1
2738,1
780,1
2766,0
2187,0
458,1
1673,0
1565,0
1830,0
693,1
1573,0
504,0
2706,0
1498,1
921,1
720,0
2068,1
38,0
2472,0
2354,0
970,1
